<?xml version="1.0" encoding="UTF-8"?>
<project-private xmlns="http://www.netbeans.org/ns/project-private/1">
    <editor-bookmarks xmlns="http://www.netbeans.org/ns/editor-bookmarks/2" lastBookmarkId="0"/>
    <open-files xmlns="http://www.netbeans.org/ns/projectui-open-files/2">
        <group>
            <file>file:/C:/Users/alexs/Documents/TAP_Alex_Fernandez/Tema3_Alex_Fernandez/ProyectoHilosAreas/src/Clases/Hilo_AreaTraingulo.java</file>
            <file>file:/C:/Users/alexs/Documents/TAP_Alex_Fernandez/Tema3_Alex_Fernandez/ProyectoHilosAreas/src/Clases/Hilo_AreaRectangulo.java</file>
            <file>file:/C:/Users/alexs/Documents/TAP_Alex_Fernandez/Tema3_Alex_Fernandez/ProyectoHilosAreas/src/Clases/Principal.java</file>
        </group>
    </open-files>
</project-private>
